{
    "rmse": 0.642329197554926,
    "mae": 0.5068034531471421,
    "r2": 0.30452398692518023
}